﻿{"scoreAll": [{"id": 2, "maHP": 2, "name": "Tiếng Anh chuyên ngành 1", "countTC": 2, "scoreT10": 7.7, "scoreCh": "B", "t4": 3, "group": "2_CSN_Bắt buộc"}, {"id": 3, "maHP": 3, "name": "Tin học đại cương", "countTC": 3, "scoreT10": 5.5, "scoreCh": "C", "t4": 2, "group": "1_Đại cương"}, {"id": 4, "maHP": 4, "name": "Đề án 1", "countTC": 2, "scoreT10": 6.5, "scoreCh": "C", "t4": 2, "group": "4_ChN_Bắt buộc"}, {"id": 5, "maHP": 5, "name": "Nhập môn kinh doanh", "countTC": 3, "scoreT10": 6.1, "scoreCh": "C", "t4": 2, "group": "1_Đại cương"}, {"id": 6, "maHP": 6, "name": "Đề án 2", "countTC": 2, "scoreT10": 7.5, "scoreCh": "B", "t4": 3, "group": "4_ChN_Bắt buộc"}, {"id": 7, "maHP": 7, "name": "Marketing căn bản", "countTC": 3, "scoreT10": 5.8, "scoreCh": "C", "t4": 2, "group": "2_CSN_Bắt buộc"}, {"id": 8, "maHP": 8, "name": "Tiếng Anh chuyên ngành 2", "countTC": 2, "scoreT10": 6.2, "scoreCh": "C", "t4": 2, "group": "2_CSN_Bắt buộc"}, {"id": 9, "maHP": 9, "name": "Tiếng Anh 1", "countTC": 3, "scoreT10": 5.3, "scoreCh": "D", "t4": 1, "group": "1_Đại cương"}, {"id": 10, "maHP": 10, "name": "Hành vi tổ chức", "countTC": 3, "scoreT10": 5.9, "scoreCh": "C", "t4": 2, "group": "3_CSN_Tự chọn"}, {"id": 11, "maHP": 11, "name": "Kỹ thuật đồ họa ứng dụng", "countTC": 3, "scoreT10": 7.2, "scoreCh": "B", "t4": 3, "group": "2_CSN_Bắt buộc"}, {"id": 12, "maHP": 12, "name": "Quản trị nguồn nhân lực", "countTC": 3, "scoreT10": 8, "scoreCh": "B", "t4": 3, "group": "2_CSN_Bắt buộc"}, {"id": 13, "maHP": 13, "name": "Nhập môn thương mại điện tử", "countTC": 3, "scoreT10": 6.7, "scoreCh": "C", "t4": 2, "group": "4_ChN_Bắt buộc"}, {"id": 14, "maHP": 14, "name": "Tiếng Anh 2", "countTC": 2, "scoreT10": 4.6, "scoreCh": "D", "t4": 1, "group": "1_Đại cương"}, {"id": 15, "maHP": 15, "name": "Đề án 3", "countTC": 2, "scoreT10": 8.3, "scoreCh": "B", "t4": 3, "group": "4_ChN_Bắt buộc"}, {"id": 16, "maHP": 16, "name": "Tiếng Anh chuyên ngành 3", "countTC": 2, "scoreT10": 6.2, "scoreCh": "C", "t4": 2, "group": "2_CSN_Bắt buộc"}, {"id": 17, "maHP": 17, "name": "Đề án 4", "countTC": 2, "scoreT10": 8.5, "scoreCh": "A", "t4": 4, "group": "4_ChN_Bắt buộc"}, {"id": 18, "maHP": 18, "name": "Quản trị bán hàng", "countTC": 3, "scoreT10": 6.9, "scoreCh": "C", "t4": 2, "group": "4_ChN_Bắt buộc"}, {"id": 19, "maHP": 19, "name": "Quảng cáo xúc tiến bán hàng (MCI)", "countTC": 3, "scoreT10": 9.1, "scoreCh": "A", "t4": 4, "group": "4_ChN_Bắt buộc"}, {"id": 20, "maHP": 20, "name": "Tiếng Anh chuyên ngành 4", "countTC": 2, "scoreT10": 6.2, "scoreCh": "C", "t4": 2, "group": "2_CSN_Bắt buộc"}, {"id": 21, "maHP": 21, "name": "Thiết kế website", "countTC": 2, "scoreT10": 8.6, "scoreCh": "A", "t4": 4, "group": "4_ChN_Bắt buộc"}, {"id": 22, "maHP": 22, "name": "Thống kê kinh doanh", "countTC": 2, "scoreT10": 6.9, "scoreCh": "C", "t4": 2, "group": "2_CSN_Bắt buộc"}, {"id": 23, "maHP": 23, "name": "Tiếng Anh 3", "countTC": 2, "scoreT10": 6.7, "scoreCh": "C", "t4": 2, "group": "1_Đại cương"}, {"id": 24, "maHP": 24, "name": "Kinh tế vi mô", "countTC": 2, "scoreT10": 6.7, "scoreCh": "C", "t4": 2, "group": "1_Đại cương"}, {"id": 25, "maHP": 25, "name": "Marketing điện tử", "countTC": 3, "scoreT10": 7.7, "scoreCh": "B", "t4": 3, "group": "4_ChN_Bắt buộc"}, {"id": 26, "maHP": 26, "name": "Kinh tế vĩ mô", "countTC": 2, "scoreT10": 6.8, "scoreCh": "C", "t4": 2, "group": "1_Đại cương"}, {"id": 27, "maHP": 27, "name": "Quản trị tài chính", "countTC": 3, "scoreT10": 7.8, "scoreCh": "B", "t4": 3, "group": "4_ChN_Bắt buộc"}, {"id": 28, "maHP": 28, "name": "Kế toán doanh nghiệp", "countTC": 2, "scoreT10": 4.8, "scoreCh": "D", "t4": 1, "group": "2_CSN_Bắt buộc"}, {"id": 29, "maHP": 29, "name": "Hệ thống thông tin quản lý", "countTC": 2, "scoreT10": 6, "scoreCh": "C", "t4": 2, "group": "2_CSN_Bắt buộc"}, {"id": 30, "maHP": 30, "name": "Giao tiếp kinh doanh", "countTC": 3, "scoreT10": 7.6, "scoreCh": "B", "t4": 3, "group": "2_CSN_Bắt buộc"}, {"id": 31, "maHP": 31, "name": "Hành vi người tiêu dùng", "countTC": 2, "scoreT10": 7.8, "scoreCh": "B", "t4": 3, "group": "3_CSN_Tự chọn"}, {"id": 32, "maHP": 32, "name": "Pháp luật đại cương", "countTC": 2, "scoreT10": 4.2, "scoreCh": "D", "t4": 1, "group": "1_Đại cương"}, {"id": 33, "maHP": 33, "name": "Đề án 5", "countTC": 2, "scoreT10": 8.5, "scoreCh": "A", "t4": 4, "group": "4_ChN_Bắt buộc"}, {"id": 34, "maHP": 34, "name": "Chủ nghĩa xã hội khoa học", "countTC": 2, "scoreT10": 6, "scoreCh": "C", "t4": 2, "group": "1_Đại cương"}, {"id": 35, "maHP": 35, "name": "Kinh tế chính trị Mác - Lênin", "countTC": 2, "scoreT10": 4.9, "scoreCh": "D", "t4": 1, "group": "1_Đại cương"}, {"id": 36, "maHP": 36, "name": "Quản trị tác nghiệp thương mại điện tử", "countTC": 3, "scoreT10": 7.9, "scoreCh": "B", "t4": 3, "group": "4_ChN_Bắt buộc"}, {"id": 37, "maHP": 37, "name": "Chiến lược kinh doanh điện tử", "countTC": 3, "scoreT10": 5.1, "scoreCh": "D", "t4": 1, "group": "4_ChN_Bắt buộc"}, {"id": 38, "maHP": 38, "name": "Quản trị chuỗi cung ứng", "countTC": 3, "scoreT10": 7.5, "scoreCh": "B", "t4": 3, "group": "5_ChN_Tự chọn"}, {"id": 39, "maHP": 39, "name": "Luật kinh doanh", "countTC": 3, "scoreT10": 5.2, "scoreCh": "D", "t4": 1, "group": "2_CSN_Bắt buộc"}, {"id": 40, "maHP": 40, "name": "Đề án 6", "countTC": 2, "scoreT10": 7.8, "scoreCh": "B", "t4": 3, "group": "4_ChN_Bắt buộc"}, {"id": 41, "maHP": 41, "name": "Lịch sử Đảng Cộng sản Việt Nam", "countTC": 2, "scoreT10": 6.9, "scoreCh": "C", "t4": 2, "group": "1_Đại cương"}, {"id": 42, "maHP": 42, "name": "Quản trị quá trình đổi mới sáng tạo", "countTC": 2, "scoreT10": 8.5, "scoreCh": "A", "t4": 4, "group": "4_ChN_Bắt buộc"}, {"id": 43, "maHP": 43, "name": "Đạo đức trong kinh doanh", "countTC": 2, "scoreT10": 5.3, "scoreCh": "D", "t4": 1, "group": "4_ChN_Bắt buộc"}, {"id": 44, "maHP": 44, "name": "Thanh toán điện tử", "countTC": 2, "scoreT10": 6.5, "scoreCh": "C", "t4": 2, "group": "5_ChN_Tự chọn"}, {"id": 45, "maHP": 45, "name": "Phương pháp nghiên cứu khoa học trong kinh tế", "countTC": 2, "scoreT10": 4.7, "scoreCh": "D", "t4": 1, "group": "5_ChN_Tự chọn"}, {"id": 46, "maHP": 46, "name": "Tư tưởng Hồ Chí Minh", "countTC": 2, "scoreT10": 5.7, "scoreCh": "C", "t4": 2, "group": "1_Đại cương"}, {"id": 47, "maHP": 47, "name": "Triết học Mác - Lênin", "countTC": 3, "scoreT10": 4, "scoreCh": "D", "t4": 1, "group": "1_Đại cương"}, {"id": 48, "maHP": 48, "name": "Đề án 7", "countTC": 2, "scoreT10": 8, "scoreCh": "B", "t4": 3, "group": "4_ChN_Bắt buộc"}, {"id": 49, "maHP": 49, "name": "Khóa luận tốt nghiệp", "countTC": 10, "scoreT10": 7.2, "scoreCh": "B", "t4": 3, "group": "6_Tốt nghiệp"}]}