﻿{"scoreAll": [{"id": 2, "maHP": 2, "name": "Cơ sở dữ liệu", "countTC": 2, "scoreT10": 5.4, "scoreCh": "D", "t4": 1, "group": "2_CSN_Bắt buộc"}, {"id": 3, "maHP": 3, "name": "Lập trình hướng đối tượng và Java cơ bản", "countTC": 3, "scoreT10": 5, "scoreCh": "D", "t4": 1, "group": "2_CSN_Bắt buộc"}, {"id": 4, "maHP": 4, "name": "Tin học đại cương", "countTC": 3, "scoreT10": 4.9, "scoreCh": "D", "t4": 1, "group": "1_Đại cương"}, {"id": 5, "maHP": 5, "name": "Đại số", "countTC": 2, "scoreT10": 6.7, "scoreCh": "C", "t4": 2, "group": "1_Đại cương"}, {"id": 6, "maHP": 6, "name": "Tiếng Anh chuyên ngành 1", "countTC": 2, "scoreT10": 6.6, "scoreCh": "C", "t4": 2, "group": "2_CSN_Bắt buộc"}, {"id": 7, "maHP": 7, "name": "Tiếng Anh 1", "countTC": 3, "scoreT10": 7, "scoreCh": "B", "t4": 3, "group": "1_Đại cương"}, {"id": 8, "maHP": 8, "name": "Cấu trúc dữ liệu và giải thuật", "countTC": 3, "scoreT10": 4.4, "scoreCh": "D", "t4": 1, "group": "2_CSN_Bắt buộc"}, {"id": 9, "maHP": 9, "name": "Công nghệ Web", "countTC": 3, "scoreT10": 5.8, "scoreCh": "C", "t4": 2, "group": "2_CSN_Bắt buộc"}, {"id": 10, "maHP": 10, "name": "Đồ án cơ sở 1", "countTC": 2, "scoreT10": 7.5, "scoreCh": "B", "t4": 3, "group": "2_CSN_Bắt buộc"}, {"id": 11, "maHP": 11, "name": "Kiến trúc máy tính", "countTC": 2, "scoreT10": 5.5, "scoreCh": "C", "t4": 2, "group": "2_CSN_Bắt buộc"}, {"id": 12, "maHP": 12, "name": "Tiếng Anh chuyên ngành 2", "countTC": 2, "scoreT10": 9, "scoreCh": "A", "t4": 4, "group": "2_CSN_Bắt buộc"}, {"id": 13, "maHP": 13, "name": "Nguyên lý hệ điều hành", "countTC": 2, "scoreT10": 5.1, "scoreCh": "D", "t4": 1, "group": "2_CSN_Bắt buộc"}, {"id": 14, "maHP": 14, "name": "Vật lý", "countTC": 2, "scoreT10": 4.1, "scoreCh": "D", "t4": 1, "group": "1_Đại cương"}, {"id": 15, "maHP": 15, "name": "Tiếng Anh chuyên ngành & thực hành 1", "countTC": 2, "scoreT10": 6.8, "scoreCh": "C", "t4": 2, "group": "4_ChN_Bắt buộc"}, {"id": 16, "maHP": 16, "name": "Mạng máy tính", "countTC": 2, "scoreT10": 5.8, "scoreCh": "C", "t4": 2, "group": "2_CSN_Bắt buộc"}, {"id": 17, "maHP": 17, "name": "Tiếng Anh 3", "countTC": 2, "scoreT10": 8, "scoreCh": "B", "t4": 3, "group": "1_Đại cương"}, {"id": 18, "maHP": 18, "name": "Hệ thống số", "countTC": 2, "scoreT10": 4.1, "scoreCh": "D", "t4": 1, "group": "2_CSN_Bắt buộc"}, {"id": 19, "maHP": 19, "name": "Công nghệ phần mềm", "countTC": 2, "scoreT10": 5.4, "scoreCh": "D", "t4": 1, "group": "2_CSN_Bắt buộc"}, {"id": 20, "maHP": 20, "name": "Chuyên đề 2 - Agile", "countTC": 2, "scoreT10": 4.8, "scoreCh": "D", "t4": 1, "group": "2_CSN_Bắt buộc"}, {"id": 21, "maHP": 21, "name": "Tiếng Anh chuyên ngành & thực hành 2", "countTC": 2, "scoreT10": 9.2, "scoreCh": "A", "t4": 4, "group": "4_ChN_Bắt buộc"}, {"id": 22, "maHP": 22, "name": "Xác suất thống kê", "countTC": 2, "scoreT10": 5, "scoreCh": "D", "t4": 1, "group": "1_Đại cương"}, {"id": 23, "maHP": 23, "name": "Vi điều khiển", "countTC": 3, "scoreT10": 6.9, "scoreCh": "C", "t4": 2, "group": "2_CSN_Bắt buộc"}, {"id": 24, "maHP": 24, "name": "Chuyên đề 3 - Xe tự hành", "countTC": 2, "scoreT10": 6, "scoreCh": "C", "t4": 2, "group": "2_CSN_Bắt buộc"}, {"id": 25, "maHP": 25, "name": "Quản lý dự án", "countTC": 2, "scoreT10": 5, "scoreCh": "D", "t4": 1, "group": "5_ChN_Tự chọn"}, {"id": 26, "maHP": 26, "name": "Kiểm thử phần mềm", "countTC": 2, "scoreT10": 4.1, "scoreCh": "D", "t4": 1, "group": "4_ChN_Bắt buộc"}, {"id": 27, "maHP": 27, "name": "Pháp luật đại cương", "countTC": 2, "scoreT10": 5.5, "scoreCh": "C", "t4": 2, "group": "1_Đại cương"}, {"id": 28, "maHP": 28, "name": "Thị giác máy tính", "countTC": 3, "scoreT10": 8, "scoreCh": "B", "t4": 3, "group": "5_ChN_Tự chọn"}, {"id": 29, "maHP": 29, "name": "Tương tác người - máy", "countTC": 3, "scoreT10": 6.2, "scoreCh": "C", "t4": 2, "group": "5_ChN_Tự chọn"}, {"id": 30, "maHP": 30, "name": "Chuyên đề 5 - Phân tích dữ liệu với R", "countTC": 2, "scoreT10": 6.7, "scoreCh": "C", "t4": 2, "group": "4_ChN_Bắt buộc"}, {"id": 31, "maHP": 31, "name": "Tư tưởng Hồ Chí Minh", "countTC": 2, "scoreT10": 6, "scoreCh": "C", "t4": 2, "group": "1_Đại cương"}, {"id": 32, "maHP": 32, "name": "Đồ án chuyên ngành 1", "countTC": 2, "scoreT10": 6.8, "scoreCh": "C", "t4": 2, "group": "4_ChN_Bắt buộc"}, {"id": 33, "maHP": 33, "name": "Lịch sử Đảng Cộng sản Việt Nam", "countTC": 2, "scoreT10": 5.5, "scoreCh": "C", "t4": 2, "group": "1_Đại cương"}, {"id": 34, "maHP": 34, "name": "Kinh tế chính trị Mác - Lênin", "countTC": 2, "scoreT10": 5.2, "scoreCh": "D", "t4": 1, "group": "1_Đại cương"}, {"id": 35, "maHP": 35, "name": "Xử lý ảnh", "countTC": 2, "scoreT10": 4.3, "scoreCh": "D", "t4": 1, "group": "3_CSN_Tự chọn"}, {"id": 36, "maHP": 36, "name": "Chuyên đề 6 - Hệ khuyến nghị", "countTC": 2, "scoreT10": 7.4, "scoreCh": "B", "t4": 3, "group": "4_ChN_Bắt buộc"}]}