﻿{"scoreAll": [{"id": 2, "maHP": 2, "name": "Cơ sở dữ liệu", "countTC": 2, "scoreT10": 5.6, "scoreCh": "C", "t4": 2, "group": "2_CSN_Bắt buộc"}, {"id": 3, "maHP": 3, "name": "Lập trình hướng đối tượng và Java cơ bản", "countTC": 3, "scoreT10": 6.7, "scoreCh": "C", "t4": 2, "group": "2_CSN_Bắt buộc"}, {"id": 4, "maHP": 4, "name": "Tiếng Anh chuyên ngành 1", "countTC": 2, "scoreT10": 6.6, "scoreCh": "C", "t4": 2, "group": "2_CSN_Bắt buộc"}, {"id": 5, "maHP": 5, "name": "Tiếng Anh 1", "countTC": 3, "scoreT10": 7.6, "scoreCh": "B", "t4": 3, "group": "1_Đại cương"}, {"id": 6, "maHP": 6, "name": "Lập trình Java nâng cao", "countTC": 2, "scoreT10": 7.7, "scoreCh": "B", "t4": 3, "group": "3_CSN_Tự chọn"}, {"id": 7, "maHP": 7, "name": "Tiếng Anh 2", "countTC": 2, "scoreT10": 5.8, "scoreCh": "C", "t4": 2, "group": "1_Đại cương"}, {"id": 8, "maHP": 8, "name": "Tiếng Anh chuyên ngành 2", "countTC": 2, "scoreT10": 7.7, "scoreCh": "B", "t4": 3, "group": "2_CSN_Bắt buộc"}, {"id": 9, "maHP": 9, "name": "Nguyên lý hệ điều hành", "countTC": 2, "scoreT10": 4.6, "scoreCh": "D", "t4": 1, "group": "2_CSN_Bắt buộc"}, {"id": 10, "maHP": 10, "name": "Cấu trúc dữ liệu và giải thuật", "countTC": 3, "scoreT10": 5.1, "scoreCh": "D", "t4": 1, "group": "2_CSN_Bắt buộc"}, {"id": 11, "maHP": 11, "name": "Công nghệ Web", "countTC": 3, "scoreT10": 4.6, "scoreCh": "D", "t4": 1, "group": "2_CSN_Bắt buộc"}, {"id": 12, "maHP": 12, "name": "Chuyên đề 1 - Blockchain", "countTC": 2, "scoreT10": 8.2, "scoreCh": "B", "t4": 3, "group": "2_CSN_Bắt buộc"}, {"id": 13, "maHP": 13, "name": "Thực tập doanh nghiệp", "countTC": 1, "scoreT10": 9, "scoreCh": "A", "t4": 4, "group": "2_CSN_Bắt buộc"}, {"id": 14, "maHP": 14, "name": "Lập trình mạng", "countTC": 2, "scoreT10": 6, "scoreCh": "C", "t4": 2, "group": "4_ChN_Bắt buộc"}, {"id": 15, "maHP": 15, "name": "Quản trị mạng", "countTC": 2, "scoreT10": 8, "scoreCh": "B", "t4": 3, "group": "4_ChN_Bắt buộc"}, {"id": 16, "maHP": 16, "name": "Trí tuệ nhân tạo", "countTC": 2, "scoreT10": 7.4, "scoreCh": "B", "t4": 3, "group": "3_CSN_Tự chọn"}, {"id": 17, "maHP": 17, "name": "Tiếng Anh 3", "countTC": 2, "scoreT10": 7.5, "scoreCh": "B", "t4": 3, "group": "1_Đại cương"}, {"id": 18, "maHP": 18, "name": "Kỹ thuật truyền số liệu", "countTC": 2, "scoreT10": 8.5, "scoreCh": "A", "t4": 4, "group": "5_ChN_Tự chọn"}, {"id": 19, "maHP": 19, "name": "Xử lý tín hiệu số", "countTC": 2, "scoreT10": 7, "scoreCh": "B", "t4": 3, "group": "2_CSN_Bắt buộc"}, {"id": 20, "maHP": 20, "name": "Chuyên đề 4 - STEM", "countTC": 2, "scoreT10": 8.2, "scoreCh": "B", "t4": 3, "group": "2_CSN_Bắt buộc"}, {"id": 21, "maHP": 21, "name": "Công nghệ phần mềm", "countTC": 2, "scoreT10": 6.1, "scoreCh": "C", "t4": 2, "group": "2_CSN_Bắt buộc"}, {"id": 22, "maHP": 22, "name": "Kiến trúc máy tính", "countTC": 2, "scoreT10": 6.9, "scoreCh": "C", "t4": 2, "group": "2_CSN_Bắt buộc"}, {"id": 23, "maHP": 23, "name": "Phân tích và thiết kế hệ thống", "countTC": 3, "scoreT10": 7.9, "scoreCh": "B", "t4": 3, "group": "2_CSN_Bắt buộc"}, {"id": 24, "maHP": 24, "name": "Xác suất thống kê", "countTC": 2, "scoreT10": 6.2, "scoreCh": "C", "t4": 2, "group": "1_Đại cương"}, {"id": 25, "maHP": 25, "name": "Triết học Mác - Lênin", "countTC": 3, "scoreT10": 6.8, "scoreCh": "C", "t4": 2, "group": "1_Đại cương"}, {"id": 26, "maHP": 26, "name": "Chuyên đề 3 - Drone", "countTC": 2, "scoreT10": 9.2, "scoreCh": "A", "t4": 4, "group": "2_CSN_Bắt buộc"}, {"id": 27, "maHP": 27, "name": "Chuyên đề 5 - Công nghệ Lora", "countTC": 2, "scoreT10": 8.8, "scoreCh": "A", "t4": 4, "group": "4_ChN_Bắt buộc"}, {"id": 28, "maHP": 28, "name": "Tư tưởng Hồ Chí Minh", "countTC": 2, "scoreT10": 6.1, "scoreCh": "C", "t4": 2, "group": "1_Đại cương"}, {"id": 29, "maHP": 29, "name": "Pháp luật đại cương", "countTC": 2, "scoreT10": 6.4, "scoreCh": "C", "t4": 2, "group": "1_Đại cương"}, {"id": 30, "maHP": 30, "name": "Kinh tế chính trị Mác - Lênin", "countTC": 2, "scoreT10": 5.8, "scoreCh": "C", "t4": 2, "group": "1_Đại cương"}, {"id": 31, "maHP": 31, "name": "Vi điều khiển", "countTC": 3, "scoreT10": 7.5, "scoreCh": "B", "t4": 3, "group": "4_ChN_Bắt buộc"}, {"id": 32, "maHP": 32, "name": "Toán rời rạc", "countTC": 2, "scoreT10": 4.7, "scoreCh": "D", "t4": 1, "group": "2_CSN_Bắt buộc"}, {"id": 33, "maHP": 33, "name": "Tiếng Anh chuyên ngành 4", "countTC": 2, "scoreT10": 5.4, "scoreCh": "D", "t4": 1, "group": "4_ChN_Bắt buộc"}, {"id": 34, "maHP": 34, "name": "Chuyên đề 6 - Công nghệ vi mạch", "countTC": 2, "scoreT10": 9.1, "scoreCh": "A", "t4": 4, "group": "4_ChN_Bắt buộc"}, {"id": 35, "maHP": 35, "name": "Hệ thống di động và cảm biến", "countTC": 3, "scoreT10": 5.9, "scoreCh": "C", "t4": 2, "group": "4_ChN_Bắt buộc"}, {"id": 36, "maHP": 36, "name": "Lý thuyết điều khiển tự động", "countTC": 3, "scoreT10": 6.7, "scoreCh": "C", "t4": 2, "group": "4_ChN_Bắt buộc"}, {"id": 37, "maHP": 37, "name": "Lịch sử Đảng Cộng sản Việt Nam", "countTC": 2, "scoreT10": 4.6, "scoreCh": "D", "t4": 1, "group": "1_Đại cương"}, {"id": 38, "maHP": 38, "name": "Thực tập tốt nghiệp", "countTC": 3, "scoreT10": 8, "scoreCh": "B", "t4": 3, "group": "6_Tốt nghiệp"}, {"id": 39, "maHP": 39, "name": "Chủ nghĩa xã hội khoa học", "countTC": 2, "scoreT10": 7.2, "scoreCh": "B", "t4": 3, "group": "1_Đại cương"}, {"id": 40, "maHP": 40, "name": "Automat và Ngôn ngữ hình thức", "countTC": 2, "scoreT10": 6.2, "scoreCh": "C", "t4": 2, "group": "3_CSN_Tự chọn"}]}