﻿{"scoreAll": [{"id": 2, "maHP": 2, "name": "Nhập môn ngành và kỹ năng mềm", "countTC": 2, "scoreT10": 8.5, "scoreCh": "A", "t4": 4, "group": "1_Đại cương"}, {"id": 3, "maHP": 3, "name": "Tiếng Anh chuyên ngành 1", "countTC": 2, "scoreT10": 7.2, "scoreCh": "B", "t4": 3, "group": "2_CSN_Bắt buộc"}, {"id": 4, "maHP": 4, "name": "Tiếng Anh 1", "countTC": 3, "scoreT10": 8.5, "scoreCh": "A", "t4": 4, "group": "1_Đại cương"}, {"id": 5, "maHP": 5, "name": "Nguyên lý hệ điều hành", "countTC": 2, "scoreT10": 5, "scoreCh": "D", "t4": 1, "group": "2_CSN_Bắt buộc"}, {"id": 6, "maHP": 6, "name": "Công nghệ Web", "countTC": 3, "scoreT10": 5.6, "scoreCh": "C", "t4": 2, "group": "2_CSN_Bắt buộc"}, {"id": 7, "maHP": 7, "name": "Đồ án cơ sở 1", "countTC": 2, "scoreT10": 7, "scoreCh": "B", "t4": 3, "group": "2_CSN_Bắt buộc"}, {"id": 8, "maHP": 8, "name": "Tiếng Anh 2", "countTC": 2, "scoreT10": 7, "scoreCh": "B", "t4": 3, "group": "1_Đại cương"}, {"id": 9, "maHP": 9, "name": "Tiếng Anh chuyên ngành 2", "countTC": 2, "scoreT10": 7.2, "scoreCh": "B", "t4": 3, "group": "2_CSN_Bắt buộc"}, {"id": 10, "maHP": 10, "name": "Công nghệ web nâng cao", "countTC": 3, "scoreT10": 7.9, "scoreCh": "B", "t4": 3, "group": "3_CSN_Tự chọn"}, {"id": 11, "maHP": 11, "name": "Toán rời rạc", "countTC": 2, "scoreT10": 5, "scoreCh": "D", "t4": 1, "group": "2_CSN_Bắt buộc"}, {"id": 12, "maHP": 12, "name": "Tiếng Anh 3", "countTC": 2, "scoreT10": 7.9, "scoreCh": "B", "t4": 3, "group": "1_Đại cương"}, {"id": 13, "maHP": 13, "name": "Công nghệ phần mềm", "countTC": 2, "scoreT10": 6.4, "scoreCh": "C", "t4": 2, "group": "2_CSN_Bắt buộc"}, {"id": 14, "maHP": 14, "name": "Chuyên đề 2 - Agile", "countTC": 2, "scoreT10": 7, "scoreCh": "B", "t4": 3, "group": "2_CSN_Bắt buộc"}, {"id": 15, "maHP": 15, "name": "Giải tích", "countTC": 2, "scoreT10": 4.1, "scoreCh": "D", "t4": 1, "group": "1_Đại cương"}, {"id": 16, "maHP": 16, "name": "Tiếng Anh chuyên ngành & thực hành 2", "countTC": 2, "scoreT10": 9.6, "scoreCh": "A", "t4": 4, "group": "4_ChN_Bắt buộc"}, {"id": 17, "maHP": 17, "name": "Chuyên đề 3 - Xe tự hành", "countTC": 2, "scoreT10": 4.8, "scoreCh": "D", "t4": 1, "group": "2_CSN_Bắt buộc"}, {"id": 18, "maHP": 18, "name": "Vật lý", "countTC": 2, "scoreT10": 4.9, "scoreCh": "D", "t4": 1, "group": "1_Đại cương"}, {"id": 19, "maHP": 19, "name": "Đồ họa máy tính", "countTC": 2, "scoreT10": 4.4, "scoreCh": "D", "t4": 1, "group": "2_CSN_Bắt buộc"}, {"id": 20, "maHP": 20, "name": "Quản trị mạng", "countTC": 2, "scoreT10": 5.4, "scoreCh": "D", "t4": 1, "group": "4_ChN_Bắt buộc"}, {"id": 21, "maHP": 21, "name": "Tiếng Anh chuyên ngành & thực hành 1", "countTC": 2, "scoreT10": 5.7, "scoreCh": "C", "t4": 2, "group": "4_ChN_Bắt buộc"}, {"id": 22, "maHP": 22, "name": "Đại số", "countTC": 2, "scoreT10": 7.6, "scoreCh": "B", "t4": 3, "group": "1_Đại cương"}, {"id": 23, "maHP": 23, "name": "Hệ thống số", "countTC": 2, "scoreT10": 8.6, "scoreCh": "A", "t4": 4, "group": "2_CSN_Bắt buộc"}, {"id": 24, "maHP": 24, "name": "Trí tuệ nhân tạo", "countTC": 2, "scoreT10": 8.1, "scoreCh": "B", "t4": 3, "group": "3_CSN_Tự chọn"}, {"id": 25, "maHP": 25, "name": "Triết học Mác - Lênin", "countTC": 3, "scoreT10": 6.5, "scoreCh": "C", "t4": 2, "group": "1_Đại cương"}, {"id": 26, "maHP": 26, "name": "Tư tưởng Hồ Chí Minh", "countTC": 2, "scoreT10": 6.5, "scoreCh": "C", "t4": 2, "group": "1_Đại cương"}, {"id": 27, "maHP": 27, "name": "Thị giác máy tính", "countTC": 3, "scoreT10": 8, "scoreCh": "B", "t4": 3, "group": "5_ChN_Tự chọn"}, {"id": 28, "maHP": 28, "name": "Pháp luật đại cương", "countTC": 2, "scoreT10": 5.7, "scoreCh": "C", "t4": 2, "group": "1_Đại cương"}, {"id": 29, "maHP": 29, "name": "Phân tích và thiết kế hệ thống", "countTC": 3, "scoreT10": 7.6, "scoreCh": "B", "t4": 3, "group": "2_CSN_Bắt buộc"}, {"id": 30, "maHP": 30, "name": "Chuyên đề 4 - Blockchain", "countTC": 2, "scoreT10": 8.9, "scoreCh": "A", "t4": 4, "group": "2_CSN_Bắt buộc"}, {"id": 31, "maHP": 31, "name": "Mật mã học", "countTC": 3, "scoreT10": 4.5, "scoreCh": "D", "t4": 1, "group": "5_ChN_Tự chọn"}, {"id": 32, "maHP": 32, "name": "Chuyên đề 6 - Hệ khuyến nghị", "countTC": 2, "scoreT10": 4.4, "scoreCh": "D", "t4": 1, "group": "4_ChN_Bắt buộc"}, {"id": 33, "maHP": 33, "name": "Phân tích, thiết kế mạng", "countTC": 3, "scoreT10": 8.4, "scoreCh": "B", "t4": 3, "group": "5_ChN_Tự chọn"}, {"id": 34, "maHP": 34, "name": "Kinh tế chính trị Mác - Lênin", "countTC": 2, "scoreT10": 5.5, "scoreCh": "C", "t4": 2, "group": "1_Đại cương"}, {"id": 35, "maHP": 35, "name": "Lập trình di động", "countTC": 3, "scoreT10": 7.5, "scoreCh": "B", "t4": 3, "group": "3_CSN_Tự chọn"}, {"id": 36, "maHP": 36, "name": "Vi điều khiển", "countTC": 3, "scoreT10": 7.2, "scoreCh": "B", "t4": 3, "group": "2_CSN_Bắt buộc"}, {"id": 37, "maHP": 37, "name": "Lịch sử Đảng Cộng sản Việt Nam", "countTC": 2, "scoreT10": 7.5, "scoreCh": "B", "t4": 3, "group": "1_Đại cương"}, {"id": 38, "maHP": 38, "name": "Chủ nghĩa xã hội khoa học", "countTC": 2, "scoreT10": 4.4, "scoreCh": "D", "t4": 1, "group": "1_Đại cương"}]}