﻿{"scoreAll": [{"id": 2, "maHP": 2, "name": "Tiếng Anh chuyên ngành 1", "countTC": 2, "scoreT10": 7.7, "scoreCh": "B", "t4": 3, "group": "2_CSN_Bắt buộc"}, {"id": 3, "maHP": 3, "name": "Tiếng Anh 1", "countTC": 3, "scoreT10": 7.2, "scoreCh": "B", "t4": 3, "group": "1_Đại cương"}, {"id": 4, "maHP": 4, "name": "Nhập môn ngành và kỹ năng mềm", "countTC": 2, "scoreT10": 5, "scoreCh": "D", "t4": 1, "group": "1_Đại cương"}, {"id": 5, "maHP": 5, "name": "Cơ sở dữ liệu", "countTC": 2, "scoreT10": 7.8, "scoreCh": "B", "t4": 3, "group": "2_CSN_Bắt buộc"}, {"id": 6, "maHP": 6, "name": "Lập trình hướng đối tượng và Java cơ bản", "countTC": 3, "scoreT10": 7.6, "scoreCh": "B", "t4": 3, "group": "2_CSN_Bắt buộc"}, {"id": 7, "maHP": 7, "name": "Tin học đại cương", "countTC": 3, "scoreT10": 8.6, "scoreCh": "A", "t4": 4, "group": "1_Đại cương"}, {"id": 8, "maHP": 8, "name": "Tiếng Anh 2", "countTC": 2, "scoreT10": 9.2, "scoreCh": "A", "t4": 4, "group": "1_Đại cương"}, {"id": 9, "maHP": 9, "name": "Tiếng Anh chuyên ngành 2", "countTC": 2, "scoreT10": 7, "scoreCh": "B", "t4": 3, "group": "2_CSN_Bắt buộc"}, {"id": 10, "maHP": 10, "name": "Nguyên lý hệ điều hành", "countTC": 2, "scoreT10": 8, "scoreCh": "B", "t4": 3, "group": "2_CSN_Bắt buộc"}, {"id": 11, "maHP": 11, "name": "Vật lý", "countTC": 2, "scoreT10": 5.7, "scoreCh": "C", "t4": 2, "group": "1_Đại cương"}, {"id": 12, "maHP": 12, "name": "Cấu trúc dữ liệu và giải thuật", "countTC": 3, "scoreT10": 9.8, "scoreCh": "A", "t4": 4, "group": "2_CSN_Bắt buộc"}, {"id": 13, "maHP": 13, "name": "Công nghệ Web", "countTC": 3, "scoreT10": 5.6, "scoreCh": "C", "t4": 2, "group": "2_CSN_Bắt buộc"}, {"id": 14, "maHP": 14, "name": "Đồ án cơ sở 1", "countTC": 2, "scoreT10": 5, "scoreCh": "D", "t4": 1, "group": "2_CSN_Bắt buộc"}, {"id": 15, "maHP": 15, "name": "Kiến trúc máy tính", "countTC": 2, "scoreT10": 7.8, "scoreCh": "B", "t4": 3, "group": "2_CSN_Bắt buộc"}, {"id": 16, "maHP": 16, "name": "Lập trình Java nâng cao", "countTC": 2, "scoreT10": 7.5, "scoreCh": "B", "t4": 3, "group": "3_CSN_Tự chọn"}, {"id": 17, "maHP": 17, "name": "Mạng máy tính", "countTC": 2, "scoreT10": 6.6, "scoreCh": "C", "t4": 2, "group": "2_CSN_Bắt buộc"}, {"id": 18, "maHP": 18, "name": "Phân tích và thiết kế hệ thống", "countTC": 2, "scoreT10": 5.2, "scoreCh": "D", "t4": 1, "group": "2_CSN_Bắt buộc"}, {"id": 19, "maHP": 19, "name": "Toán rời rạc", "countTC": 2, "scoreT10": 9, "scoreCh": "A", "t4": 4, "group": "2_CSN_Bắt buộc"}, {"id": 20, "maHP": 20, "name": "Tiếng Anh 3", "countTC": 2, "scoreT10": 6.3, "scoreCh": "C", "t4": 2, "group": "1_Đại cương"}, {"id": 21, "maHP": 21, "name": "Hệ thống số", "countTC": 2, "scoreT10": 6, "scoreCh": "C", "t4": 2, "group": "2_CSN_Bắt buộc"}, {"id": 22, "maHP": 22, "name": "Tiếng Anh chuyên ngành & thực hành 1", "countTC": 2, "scoreT10": 6.4, "scoreCh": "C", "t4": 2, "group": "4_ChN_Bắt buộc"}, {"id": 23, "maHP": 23, "name": "Chuyên đề 1 - Blockchain", "countTC": 2, "scoreT10": 7.5, "scoreCh": "B", "t4": 3, "group": "2_CSN_Bắt buộc"}, {"id": 24, "maHP": 24, "name": "Chuyên đề 2 - Agile", "countTC": 2, "scoreT10": 5.3, "scoreCh": "D", "t4": 1, "group": "2_CSN_Bắt buộc"}, {"id": 25, "maHP": 25, "name": "Giải tích", "countTC": 2, "scoreT10": 9.3, "scoreCh": "A", "t4": 4, "group": "1_Đại cương"}, {"id": 26, "maHP": 26, "name": "Lập trình di động", "countTC": 3, "scoreT10": 8.1, "scoreCh": "B", "t4": 3, "group": "3_CSN_Tự chọn"}, {"id": 27, "maHP": 27, "name": "Tiếng Anh chuyên ngành & thực hành 2", "countTC": 2, "scoreT10": 6.2, "scoreCh": "C", "t4": 2, "group": "4_ChN_Bắt buộc"}, {"id": 28, "maHP": 28, "name": "Xác suất thống kê", "countTC": 2, "scoreT10": 7.9, "scoreCh": "B", "t4": 3, "group": "1_Đại cương"}, {"id": 29, "maHP": 29, "name": "Vi điều khiển", "countTC": 3, "scoreT10": 6.8, "scoreCh": "C", "t4": 2, "group": "2_CSN_Bắt buộc"}, {"id": 30, "maHP": 30, "name": "Công nghệ phần mềm", "countTC": 2, "scoreT10": 7, "scoreCh": "B", "t4": 3, "group": "2_CSN_Bắt buộc"}, {"id": 31, "maHP": 31, "name": "Lập trình mạng", "countTC": 2, "scoreT10": 7.5, "scoreCh": "B", "t4": 3, "group": "5_ChN_Tự chọn"}, {"id": 32, "maHP": 32, "name": "Thực tập doanh nghiệp", "countTC": 1, "scoreT10": 8, "scoreCh": "B", "t4": 3, "group": "2_CSN_Bắt buộc"}, {"id": 33, "maHP": 33, "name": "Quản lý dự án", "countTC": 2, "scoreT10": 7.2, "scoreCh": "B", "t4": 3, "group": "5_ChN_Tự chọn"}, {"id": 34, "maHP": 34, "name": "Quản trị mạng", "countTC": 2, "scoreT10": 8.6, "scoreCh": "A", "t4": 4, "group": "4_ChN_Bắt buộc"}, {"id": 35, "maHP": 35, "name": "Trí tuệ nhân tạo", "countTC": 2, "scoreT10": 7.7, "scoreCh": "B", "t4": 3, "group": "3_CSN_Tự chọn"}, {"id": 36, "maHP": 36, "name": "Công nghệ web nâng cao", "countTC": 3, "scoreT10": 6.4, "scoreCh": "C", "t4": 2, "group": "3_CSN_Tự chọn"}, {"id": 37, "maHP": 37, "name": "Automat và Ngôn ngữ hình thức", "countTC": 2, "scoreT10": 4.2, "scoreCh": "D", "t4": 1, "group": "3_CSN_Tự chọn"}, {"id": 38, "maHP": 38, "name": "Đồ án cơ sở 4", "countTC": 2, "scoreT10": 8.7, "scoreCh": "A", "t4": 4, "group": "2_CSN_Bắt buộc"}, {"id": 39, "maHP": 39, "name": "Chuyên đề 3 - Xe tự hành", "countTC": 2, "scoreT10": 7.9, "scoreCh": "B", "t4": 3, "group": "2_CSN_Bắt buộc"}, {"id": 40, "maHP": 40, "name": "Đồ họa máy tính", "countTC": 2, "scoreT10": 6.7, "scoreCh": "C", "t4": 2, "group": "2_CSN_Bắt buộc"}, {"id": 41, "maHP": 41, "name": "Đồ án cơ sở 2", "countTC": 2, "scoreT10": 6.4, "scoreCh": "C", "t4": 2, "group": "2_CSN_Bắt buộc"}, {"id": 42, "maHP": 42, "name": "Đồ án cơ sở 3", "countTC": 2, "scoreT10": 9, "scoreCh": "A", "t4": 4, "group": "2_CSN_Bắt buộc"}, {"id": 43, "maHP": 43, "name": "Đồ án cơ sở 5", "countTC": 2, "scoreT10": 8.5, "scoreCh": "A", "t4": 4, "group": "2_CSN_Bắt buộc"}, {"id": 44, "maHP": 44, "name": "Trình biên dịch", "countTC": 2, "scoreT10": 8, "scoreCh": "B", "t4": 3, "group": "2_CSN_Bắt buộc"}, {"id": 45, "maHP": 45, "name": "Kỹ thuật truyền số liệu", "countTC": 2, "scoreT10": 9.5, "scoreCh": "A", "t4": 4, "group": "5_ChN_Tự chọn"}, {"id": 46, "maHP": 46, "name": "Xử lý tín hiệu số", "countTC": 2, "scoreT10": 7.5, "scoreCh": "B", "t4": 3, "group": "3_CSN_Tự chọn"}, {"id": 47, "maHP": 47, "name": "Xử lý ảnh", "countTC": 2, "scoreT10": 8.7, "scoreCh": "A", "t4": 4, "group": "3_CSN_Tự chọn"}, {"id": 48, "maHP": 48, "name": "Bảo mật và An toàn hệ thống thông tin", "countTC": 2, "scoreT10": 8.5, "scoreCh": "A", "t4": 4, "group": "5_ChN_Tự chọn"}, {"id": 49, "maHP": 49, "name": "Kiểm thử phần mềm", "countTC": 2, "scoreT10": 6.6, "scoreCh": "C", "t4": 2, "group": "4_ChN_Bắt buộc"}, {"id": 50, "maHP": 50, "name": "Chuyên đề 4 - STEM", "countTC": 2, "scoreT10": 8.6, "scoreCh": "A", "t4": 4, "group": "2_CSN_Bắt buộc"}, {"id": 51, "maHP": 51, "name": "Tương tác người - máy", "countTC": 3, "scoreT10": 8.6, "scoreCh": "A", "t4": 4, "group": "5_ChN_Tự chọn"}, {"id": 52, "maHP": 52, "name": "Đồ án chuyên ngành 1", "countTC": 2, "scoreT10": 8.5, "scoreCh": "A", "t4": 4, "group": "4_ChN_Bắt buộc"}, {"id": 53, "maHP": 53, "name": "Pháp luật đại cương", "countTC": 2, "scoreT10": 7.4, "scoreCh": "B", "t4": 3, "group": "1_Đại cương"}, {"id": 54, "maHP": 54, "name": "Triết học Mác - Lênin", "countTC": 3, "scoreT10": 8.2, "scoreCh": "B", "t4": 3, "group": "1_Đại cương"}, {"id": 55, "maHP": 55, "name": "Chuyên đề 5 - Phân tích dữ liệu với R", "countTC": 2, "scoreT10": 8, "scoreCh": "B", "t4": 3, "group": "4_ChN_Bắt buộc"}, {"id": 56, "maHP": 56, "name": "Tư tưởng Hồ Chí Minh", "countTC": 2, "scoreT10": 8.3, "scoreCh": "B", "t4": 3, "group": "1_Đại cương"}, {"id": 57, "maHP": 57, "name": "Xử lý ngôn ngữ tự nhiên", "countTC": 3, "scoreT10": 8.5, "scoreCh": "A", "t4": 4, "group": "5_ChN_Tự chọn"}, {"id": 58, "maHP": 58, "name": "Phân tích, thiết kế mạng", "countTC": 3, "scoreT10": 7.3, "scoreCh": "B", "t4": 3, "group": "5_ChN_Tự chọn"}, {"id": 59, "maHP": 59, "name": "Mạng không dây và di động", "countTC": 3, "scoreT10": 8, "scoreCh": "B", "t4": 3, "group": "5_ChN_Tự chọn"}, {"id": 60, "maHP": 60, "name": "Chuyên đề 6 - Big Data", "countTC": 2, "scoreT10": 9.6, "scoreCh": "A", "t4": 4, "group": "4_ChN_Bắt buộc"}, {"id": 61, "maHP": 61, "name": "Kinh tế chính trị Mác - Lênin", "countTC": 2, "scoreT10": 6.6, "scoreCh": "C", "t4": 2, "group": "1_Đại cương"}, {"id": 62, "maHP": 62, "name": "Lịch sử Đảng Cộng sản Việt Nam", "countTC": 2, "scoreT10": 8.5, "scoreCh": "A", "t4": 4, "group": "1_Đại cương"}, {"id": 63, "maHP": 63, "name": "Đồ án chuyên ngành 2", "countTC": 2, "scoreT10": 7.6, "scoreCh": "B", "t4": 3, "group": "4_ChN_Bắt buộc"}, {"id": 64, "maHP": 64, "name": "Thực tập tốt nghiệp", "countTC": 3, "scoreT10": 9, "scoreCh": "A", "t4": 4, "group": "6_Tốt nghiệp"}, {"id": 65, "maHP": 65, "name": "Chủ nghĩa xã hội khoa học", "countTC": 2, "scoreT10": 7.5, "scoreCh": "B", "t4": 3, "group": "1_Đại cương"}, {"id": 66, "maHP": 66, "name": "Đồ án tốt nghiệp", "countTC": 10, "scoreT10": 7.7, "scoreCh": "B", "t4": 3, "group": "6_Tốt nghiệp"}]}